Journal,Year,FirstView,Title,Author,Keywords,Country,US.focus,Level,Central,Regional,Local,Institution/bureaucrat,Regression,Model,RDD,DiD,Experiment,Original survey,Interviews,Experiment type,url
APSR,2002,0,"Electoral Competition, Political Uncertainty, and Policy Insulation","RUI J. P. DE FIGUEIREDO, JR.",Discretion; Agency organization,N/A,,N/A,,,,N/A,0,1,0,0,0,0,0,0,https://www.cambridge.org/core/journals/american-political-science-review/article/abs/electoral-competition-political-uncertainty-and-policy-insulation/4C60136A9DA2C5C18D8052DE1ADD2D78
APSR,2002,0,"Lipstick and Logarithms: Gender, Institutional Context, and Representative Bureaucracy",LAEL R. KEISER VICKY M. WILKINS  KENNETH J. MEIER  CATHERINE A. HOLLAND,Descriptive representation; Education,USA,1,Local,0,0,1,Schools,1,0,0,0,0,0,0,0,https://www.cambridge.org/core/journals/american-political-science-review/article/abs/lipstick-and-logarithms-gender-institutional-context-and-representative-bureaucracy/04B6C26378132AF086767271AFD953DC
APSR,2003,0,"Coping with Uncertainty: Analyzing Risk Propensities of SEC Budgetary Decisions, 1949–97",GEORGE A. KRAUSE,Agency organization; Risk,USA,1,Federal,1,0,0,Securities and Exchange Commission,1,0,0,0,0,0,0,0,https://www.cambridge.org/core/journals/american-political-science-review/article/abs/coping-with-uncertainty-analyzing-risk-propensities-of-sec-budgetary-decisions-194997/2684FC9F3317622D64C7F759DA8D3634
APSR,2004,0,"Bureaucratic Capacity, Delegation, and Political Reform",JOHN D. HUBER NOLAN MCCARTY,Delegation; Reform,N/A,,N/A,,,,N/A,0,1,0,0,0,0,0,0,https://www.cambridge.org/core/journals/american-political-science-review/article/abs/bureaucratic-capacity-delegation-and-political-reform/B423F17DAF264A240DD4AB4A982208B1
APSR,2004,0,"Regulatory Regimes, Agency Actions, and the Conditional Nature of Congressional Influence",CHARLES R. SHIPAN,Oversight; Agency responsiveness,USA,1,Federal,1,0,0,Food and Drug Adminstration,1,0,0,0,0,0,0,0,https://www.cambridge.org/core/journals/american-political-science-review/article/abs/regulatory-regimes-agency-actions-and-the-conditional-nature-of-congressional-influence/DACFE8560A3E8FE10B2C1BA18871DA94
APSR,2005,0,Flexing Muscle: Corporate Political Expenditures as Signals to the Bureaucracy,SANFORD C. GORDON and CATHERINE HAFER,,USA,1,Federal,1,0,0,Nuclear Regulatory Commission,1,1,0,0,0,0,0,0,https://www.cambridge.org/core/journals/american-political-science-review/article/abs/flexing-muscle-corporate-political-expenditures-as-signals-to-the-bureaucracy/860C559D9761253402E14926416B770A
APSR,2007,0,Regulatory Quality Under Imperfect Oversight,ETHAN BUENO DE MESQUITA MATTHEW C. STEPHENSON ,Oversight; Regulation,N/A,,N/A,,,,N/A,0,1,0,0,0,0,0,0,https://www.cambridge.org/core/journals/american-political-science-review/article/abs/regulatory-quality-under-imperfect-oversight/A20609B9F31318C31738A438258A99DD
APSR,2007,0,Explaining Bureaucratic Optimism: Theory and Evidence from U.S.Executive Agency Macroeconomic Forecasts,GEORGE A. KRAUSE J. KEVIN CORDER ,Agency reputation; Responsiveness,USA,1,Federal,1,0,0,Office of Management and Budget; Social Security Agency,1,0,0,0,0,0,0,0,https://www.cambridge.org/core/journals/american-political-science-review/article/abs/explaining-bureaucratic-optimism-theory-and-evidence-from-us-executive-agency-macroeconomic-forecasts/43427260DBB43628D04DCDB64CE9FA53
APSR,2007,0,"Solidary Groups, Informal Accountability, and Local Public Goods Provision in Rural China",LILY L. TSAI,Performance; Local Public Goods,China,0,Local,0,0,1,Village governments,1,0,0,0,0,1,0,0,https://www.cambridge.org/core/journals/american-political-science-review/article/abs/solidary-groups-informal-accountability-and-local-public-goods-provision-in-rural-china/8ABA59F14428CE53F631AE65E1370B30
APSR,2009,0,Helping Hand or Grabbing Hand? State Bureaucracy and Privatization Effectiveness,J. DAVID BROWN; JOHN S. EARLE; SCOTT GEHLBACH,Privatization,Russia,0,All,1,1,1,N/A,1,0,0,0,0,0,0,0,https://www.cambridge.org/core/journals/american-political-science-review/article/abs/helping-hand-or-grabbing-hand-state-bureaucracy-and-privatization-effectiveness/5149761C674132FE7F98FE79F9122DFA
APSR,2010,0,Limitation Riders and Congressional Influence over Bureaucratic Policy Decisions,JASON A. MACDONALD,Oversight; Delegation,USA,1,N/A,,,,N/A,1,0,0,0,0,0,0,0,https://www.cambridge.org/core/journals/american-political-science-review/article/abs/limitation-riders-and-congressional-influence-over-bureaucratic-policy-decisions/C588CC003AAFF43EAE3EF5B0BFF674E9
APSR,2011,0,Politicizing Agency Spending Authority: Lessons from a Bush-era Scandal,SANFORD C. GORDON,Procurement; Distributive politics,USA,1,Federal; Regional,1,1,0,General Services Administration,1,0,0,1,0,0,0,0,https://www.cambridge.org/core/journals/american-political-science-review/article/abs/politicizing-agency-spending-authority-lessons-from-a-bushera-scandal/72358C69A5EE7950DF679742C55A5961
APSR,2012,0,"Legislatures, Bureaucracies, and Distributive Spending",MICHAEL M. TING,Delegation; Distributive politics,N/A,,N/A,,,,N/A,0,1,0,0,0,0,0,0,https://www.cambridge.org/core/journals/american-political-science-review/article/abs/legislatures-bureaucracies-and-distributive-spending/4AEFC847A265BE3BE009225E8FC84A06
APSR,2015,0,What Do I Need to Vote? Bureaucratic Discretion and Discrimination by Local Election Officials,ARIEL R. WHITE; NOAH L. NATHAN; JULIE K. FALLER,Discretion; Street-level bureaucrats,USA,1,Local,0,0,1,Election officials,1,0,0,0,1,0,0,Audit,https://www.cambridge.org/core/journals/american-political-science-review/article/abs/what-do-i-need-to-vote-bureaucratic-discretion-and-discrimination-by-local-election-officials/76859FDA6A55B8B4D11A851F13ED8AAF
APSR,2016,0,"Politicians, Bureaucrats, and Development: Evidence from India",SAAD GULZAR; BENJAMIN J. PASQUALE,Oversight; Performance; Public service provision,India,0,Local,0,0,1,District and block officials,1,0,1,0,0,0,0,0,https://www.cambridge.org/core/journals/american-political-science-review/article/abs/politicians-bureaucrats-and-development-evidence-from-india/130F6270702BDE2449BA4902C0FA1804
APSR,2017,0,Businesspeople in Elected Office: Identifying Private Benefits from Firm-Level Returns,DAVID SZAKONYI,Procurement; Firms,Russia,0,State,0,1,0,State bureaucrats,1,0,1,0,0,0,1,0,https://www.cambridge.org/core/journals/american-political-science-review/article/abs/businesspeople-in-elected-office-identifying-private-benefits-from-firmlevel-returns/A55D19DE09F9FDE4DDD494EA9FBB6BC7
APSR,2018,0,Who Polices the Administrative State?,KENNETH LOWANDE,Oversight; Ideology,USA,1,Federal,1,0,0,Multiple agencies,1,0,0,1,0,0,0,0,https://www.cambridge.org/core/journals/american-political-science-review/article/abs/who-polices-the-administrative-state/B797F144CB5AE5E9AF0601725B9D6646
APSR,2018,0,"Office-Selling, Corruption, and Long-Term Development in Peru",JENNY GUARDADO,Colonialism; Patronage; Public Service Delivery,Peru,0,Province,0,1,0,Provincial governors,1,0,0,1,0,0,0,0,https://www.cambridge.org/core/journals/american-political-science-review/article/officeselling-corruption-and-longterm-development-in-peru/EF0553F170E45232C46B781504083AAC
APSR,2020,0,The Political Economy of Bureaucratic Overload: Evidence from Rural Development Officials in India,ADITYA DASGUPTA; DEVESH KAPUR,Performance; Local Public Goods; Public Service Provision,India,0,Local,0,0,1,Block officials,1,0,0,0,0,1,0,0,https://www.cambridge.org/core/journals/american-political-science-review/article/abs/political-economy-of-bureaucratic-overload-evidence-from-rural-development-officials-in-india/C8A360EC32F1BB321EC27BDE6E01E1E5
APSR,2021,0,Benevolent Policies: Bureaucratic Politics and the International Dimensions of Social Policy Expansion,CARMEN JACQUELINE HO,Policy creation,Indonesia,0,Multiple,1,1,1,Multiple (?),0,0,0,0,0,0,1,0,https://www.cambridge.org/core/journals/american-political-science-review/article/benevolent-policies-bureaucratic-politics-and-the-international-dimensions-of-social-policy-expansion/1EF9B2C75F6A32A424C11518435C3343
APSR,2021,0,"Slavery, Reconstruction, and Bureaucratic Capacity in the American South",PAVITHRA SURYANARAYAN; STEVEN WHITE,Bureaucratic capacity,USA,1,Local,0,0,1,County government,1,0,0,0,0,0,0,0,https://www.cambridge.org/core/journals/american-political-science-review/article/abs/slavery-reconstruction-and-bureaucratic-capacity-in-the-american-south/989CFE3B42F5A566C6C2182515879024
APSR,2021,0,The Political Economy of Governance Quality,MICHAEL M. TING,Delegation; Performance; Policy,N/A,,N/A,,,,N/A,0,1,0,0,0,0,0,0,https://www.cambridge.org/core/journals/american-political-science-review/article/abs/political-economy-of-governance-quality/12BFDAEB3D4A33ED491A2ADE879ACF41
APSR,2022,1,"Does Political Oversight of the Bureaucracy Increase
Accountability? Field Experimental Evidence from
a Dominant Party Regime",Pia J Raffler,Oversight; Accountability; Decentralization; Public Service Delivery,Uganda,0,Local,0,0,1,subcounty bureaucrats,1,0,0,0,1,1,1,Field,https://www.cambridge.org/core/journals/american-political-science-review/article/abs/does-political-oversight-of-the-bureaucracy-increase-accountability-field-experimental-evidence-from-a-dominant-party-regime/AC27020BB300F34C70380C5AA1BF77F1
APSR,2022,1,Informing the Leader: Bureaucracies and International Crises,ROBERT SCHUB,Information; Expertise; Conflict ,USA,1,Federal,1,0,0,federal bureaucrats,1,0,0,0,0,0,0,0,https://www.cambridge.org/core/journals/american-political-science-review/article/informing-the-leader-bureaucracies-and-international-crises/EE9C4DF3F68A2DA31E753450DA910053
APSR,2022,1,"The Politics of Police Data: State Legislative Capacity and
the Transparency of State and Substate Agencies","SCOTT J. COOK 
DAVID FORTUNATO",Oversight; Legislative Capacity; Police,USA,1,State; Local,0,1,1,police,1,0,0,1,0,0,0,0,https://doi.org/10.1017/S0003055422000624
APSR ,2022,1,"The Representational Consequences of Municipal
Civil Service Reform","NICHOLAS KUIPERS 
ALEXANDER SAHN",Personnel; Reform,USA,1,Local,0,0,1,municipal government employees,1,0,1,0,0,0,0,0,https://doi.org/10.1017/S0003055422000521
AJPS,2003,0,Bureaucratic Decisions and the Composition of the Lower Courts,Brandice Canes-Wrone,Judicial-bureaucracy relations,USA,1,Local,0,0,1,Army Corps of Engineers,1,0,0,0,0,0,1,0,https://onlinelibrary.wiley.com/doi/abs/10.1111/1540-5907.00014
AJPS,2004,0,Goal Conflict and Fund Diversion in Federal Grants to the States,Sean Nicholson-Crotty,Policy creation; Policy congruence; Ideology,USA,1,State,0,1,0,Multiple,1,0,0,0,0,0,0,0,https://onlinelibrary.wiley.com/doi/10.1111/j.0092-5853.2004.00059.x
AJPS,2003,0,"Transparency, Democratic Accountability, and the Economic Consequences of Monetary Institutions",David Stasavage,Delegation; Central banks,Multiple,0,Federal,1,0,0,Central banks,1,1,0,0,0,0,0,0,https://onlinelibrary.wiley.com/doi/abs/10.1111/1540-5907.00028
AJPS,2003,0,A Strategic Theory of Bureaucratic Redundancy,Michael M. Ting,Organization; P-A relationships,N/A,,NA,,,,NA,0,1,0,0,0,0,0,0,https://onlinelibrary.wiley.com/doi/abs/10.1111/1540-5907.00019
AJPS,2004,0,"Race, Bureaucratic Discretion, and the Implementation ofWelfare Reform",Lael R. Keiser; Peter R. Mueser; Seung-Whan Choi,Discretion; Street-level bureaucrats,USA,1,Local,0,0,1,County government caseworkers,1,0,0,0,0,0,0,0,https://onlinelibrary.wiley.com/doi/abs/10.1111/j.0092-5853.2004.00072.x
AJPS,2004,0,The Appointments Dilemma,Nolan McCarty,Appointments; Personnel; Executive-legislature relations,USA,1,Federal,1,0,0,N/A,0,1,0,0,0,0,0,0,https://onlinelibrary.wiley.com/doi/abs/10.1111/j.0092-5853.2004.00078.x
AJPS,2006,0,"Political Appointments, Civil Service Systems, and Bureaucratic Competence: Organizational Balancing and Executive Branch Revenue Forecasts in the American States",George A. Krause David E. Lewis;  James W. Douglas ,Personnel; Appointments,USA,1,State,0,1,0,State-level budget agency personnel,1,0,0,0,0,0,0,0,https://onlinelibrary.wiley.com/doi/abs/10.1111/j.1540-5907.2006.00215.x
AJPS,2009,0,"Who Lobbies Whom? Special Interest Politics
under Alternative Electoral Systems",Megumi Naoi; Ellis Krauss ,Lobbying; Electoral systems,Japan,0,Federal,1,0,0,?,1,0,0,0,0,0,0,0,https://onlinelibrary.wiley.com/doi/abs/10.1111/j.1540-5907.2009.00406.x
AJPS,2007,0,Regulatory Errors with Endogenous Agendas,Daniel Carpenter; Michael M. Ting,Regulation; Firms,USA,1,Federal,1,0,0,Food and Drug Administration,1,1,0,0,0,0,0,0,https://onlinelibrary.wiley.com/doi/abs/10.1111/j.1540-5907.2007.00284.x
AJPS,2007,0,"Slackers and Zealots: Civil Service, Policy Discretion,and Bureaucratic Expertise",Sean Gailmardl; John W. Patty,Personnel; Bureaucratic discretion,N/A,,NA,,,,NA,0,1,0,0,0,0,0,0,https://onlinelibrary.wiley.com/doi/abs/10.1111/j.1540-5907.2007.00286.x
AJPS,2007,0,"Explaining Policy Punctuations: Bureaucratization
and Budget Change","Scott E. Robinson; 
Floun’say Caver; 
Kenneth J. Meier; 
Laurence J. O’Toole; ",Policy creation,USA,1,Local,0,0,1,Public school districts,1,0,0,0,0,0,0,0,https://onlinelibrary.wiley.com/doi/abs/10.1111/j.1540-5907.2007.00242.x
AJPS,2009,0,Collective Bargaining and The Performance of the Public Schools,Terry M. Moe,Public sector unions; Performance,USA,1,Local,0,0,1,School districts; teachers,1,0,0,0,0,0,0,0,https://onlinelibrary.wiley.com/doi/abs/10.1111/j.1540-5907.2008.00363.x
AJPS,2009,0,Bureaucratic Job Mobility and The Diffusion of Innovations,Manuel P. Teodoro,"Policy creation; Personnel, Careers",USA,1,Local,0,0,1,Local governments; municipal police chiefs; water utility managers,1,0,0,0,0,0,0,0,https://onlinelibrary.wiley.com/doi/abs/10.1111/j.1540-5907.2008.00364.x
AJPS,2012,0,"The Complications of Controlling Agency Time
Discretion: FDA Review Deadlines and Postmarket
Drug Safety","Daniel Carpenter; 
Jacqueline Chattopadhyay; 
Susan Moffitt; 
Clayton Nalll ",Policy implementation; Agency control; Delegation; Discretion,USA,1,Federal,1,0,0,Food and Drug Administration,1,0,0,0,0,0,0,0,https://onlinelibrary.wiley.com/doi/abs/10.1111/j.1540-5907.2011.00544.x
AJPS,2012,0,"Separated Powers in the United States: The Ideology of Agencies, Presidents, and Congress","Joshua D. Clinton 
Anthony Bertelli 
Christian R. Grose 
David E. Lewis 
David C. Nixon ",Agency Ideology; Performance,USA,1,Federal,1,0,0,federal executives,1,0,0,0,0,1,0,0,https://onlinelibrary.wiley.com/doi/abs/10.1111/j.1540-5907.2011.00559.x
AJPS,2013,0,Influencing the Bureaucracy: The Irony of Congressional Oversight,"Joshua D. Clinton 
David E. Lewis 
Jennifer L. Selin ",Oversight; Policymaking,USA,1,Federal,1,0,0,federal executives,1,0,0,0,0,1,0,0,https://onlinelibrary.wiley.com/doi/abs/10.1111/ajps.12066
AJPS,2015,0,Electoral Manipulation as Bureaucratic Control,"Scott Gehlbach 
Alberto Simpser",Bureaucratic compliance; Careers; Electoral Manipulation; Personnel,N/A,,NA,,,,NA,0,1,0,0,0,0,0,0,https://onlinelibrary.wiley.com/doi/abs/10.1111/ajps.12122
AJPS,2016,0,Divided Government and the Fragmentation of American Law,"Sean Farhang 
Miranda Yaver",Policy implementation; Performance; Divided government,USA,1,Federal,1,0,0,N/A,1,0,0,0,0,0,0,0,https://onlinelibrary.wiley.com/doi/abs/10.1111/ajps.12188
AJPS,2015,0,When Government Subsidizes Its Own: Collective Bargaining Laws as Agents of Political Mobilization,"Patrick Flavin 
Michael T. Hartney",Public sector unions; political participation,USA,1,State/Local,0,1,1,Public school teachers,1,0,0,0,0,0,0,0,https://onlinelibrary.wiley.com/doi/abs/10.1111/ajps.12163
AJPS,2016,0,"Experiential Learning and Presidential Management
of the U.S. Federal Bureaucracy: Logic and Evidence
from Agency Leadership Appointments","George A. Krause
Anne Joseph O’Connell ",Appointments; Personnel,USA,1,Federal,1,0,0,Multiple,1,0,0,0,0,0,0,0,https://onlinelibrary.wiley.com/doi/abs/10.1111/ajps.12232
AJPS,2016,0,"The Logic of Collective Inaction: Senatorial Delay in
Executive Nominations",Ian Ostrander,Appointments; Personnel; Agency ideology,USA,1,Federal,1,0,0,Multiple,1,0,0,0,0,0,0,0,https://onlinelibrary.wiley.com/doi/abs/10.1111/ajps.12208
AJPS,2017,0,"Does Race Affect Access to Government Services?
An Experiment Exploring Street-Level Bureaucrats
and Access to Public Housing","Katherine Levine Einstein
David M. Glick ",Discretion; Street-level bureaucrats,USA,1,Local,0,0,1,Public housing authorities,1,0,0,0,1,0,0,Audit,https://onlinelibrary.wiley.com/doi/abs/10.1111/ajps.12252
AJPS,2017,0,"Macro Implementation: Testing the Causal Paths
from U.S. Macro Policy to Federal Incarceration",Matthew E.K. Hall,Policy implementation; Street-level bureaucrats; Legal,USA,1,Federal; Local,1,0,1,Federal prosecutors; District courts,1,0,0,0,0,0,0,0,https://onlinelibrary.wiley.com/doi/abs/10.1111/ajps.12266
AJPS,2017,0,"The Strategic Shuffle: Ethnic Geography, the Internal Security Apparatus, and Elections in Kenya",Mai Hassan,Personnel; Careers; Postings; PA-relationship,Kenya,0,Local,0,0,1,officers in branches of the internal security apparatus,1,0,0,0,0,0,1,0,https://onlinelibrary.wiley.com/doi/abs/10.1111/ajps.12279
AJPS,2017,0,Politics and Administration,Michael M. Ting,Policy implementation; performance,N/A,,NA,,,,NA,0,1,0,0,0,0,0,0,https://onlinelibrary.wiley.com/doi/abs/10.1111/ajps.12273
AJPS,2017,0,"Multiple Dimensions of Bureaucratic Discrimination:
Evidence from GermanWelfare Offices","Johannes Hemker
Anselm Rink ",Discretion; Street-level bureaucrats,Germany,0,Local,0,0,1,welfare officers,1,0,0,0,1,0,0,Audit,https://onlinelibrary.wiley.com/doi/abs/10.1111/ajps.12312
AJPS,2018,0,"TheWho,When, and Where of Executive
Nominations: Integrating Agency Independence
and Appointee Ideology","Gary E. Hollibaugh Jr.
Lawrence S. Rothenberg",Appointments; Personnel; Ideology,USA,1,Federal,1,0,0,federal appointees,1,0,0,0,0,0,0,0,https://onlinelibrary.wiley.com/doi/abs/10.1111/ajps.12345
AJPS,2018,0,"Making Bureaucracy Work: Patronage Networks,
Performance Incentives, and Economic Development
in China",Junyan Jiang,Patronage; Personnel; Careers; Performance,China,0,Local,0,0,1,local governments,1,0,0,0,0,0,1,0,https://onlinelibrary.wiley.com/doi/abs/10.1111/ajps.12394
AJPS,2019,0,"Descriptive and Substantive Representation in
Congress: Evidence from 80,000 Congressional
Inquiries","Kenneth Lowande 
Melinda Ritchie 
Erinn Lauterbach",Representation; Responsiveness; Legislator-Bureaucrat interactions,USA,1,Federal,1,0,0,federal agenices,1,0,0,0,0,0,0,0,https://onlinelibrary.wiley.com/doi/abs/10.1111/ajps.12443
AJPS,2019,0,"Public-Sector Unions and the Size of
Government",Agustina S. Paglayan,Public sector unions; Performance; Spending,USA,1,State; Local,0,1,1,Teachers,1,0,0,1,0,0,0,0,https://onlinelibrary.wiley.com/doi/abs/10.1111/ajps.12388
AJPS,2021,0,"Does Affirmative ActionWorsen Bureaucratic
Performance? Evidence from the Indian
Administrative Service","Rikhil R. Bhavnani
Alexander Lee",Patronage; Personnel; Careers; Performance,India,0,Local,0,0,1,district IAS officers,1,0,0,0,0,0,0,0,https://onlinelibrary.wiley.com/doi/abs/10.1111/ajps.12497
AJPS,2020,0,Policymaking with Multiple Agencies,Peter Bils,Policy creation; Congress,USA,1,Federal,1,0,0,multiple,0,1,0,0,0,0,0,0,https://onlinelibrary.wiley.com/doi/abs/10.1111/ajps.12474
AJPS,2020,0,Bureaucratic Responsiveness to LGBT Americans,"Kenneth Lowande
Andrew Proctor",Discretion; Street-level bureaucrats,USA,1,Local,0,0,1,marriage license–granting officials,1,0,0,0,1,0,0,Audit,https://onlinelibrary.wiley.com/doi/abs/10.1111/ajps.12493
AJPS,2020,0,"Why Underachievers Dominate Secret Police
Organizations: Evidence from Autocratic
Argentina","Adam Scharpf GIGA 
Christian Glbel",Personnel; Careers; Postings; Autocrats,Argentina,0,Federal,1,0,0,secret police officers,1,0,0,0,0,0,0,0,https://onlinelibrary.wiley.com/doi/abs/10.1111/ajps.12475
AJPS,2020,0,"Unprincipled Principals: Co-opted Bureaucrats
and Corruption in Ghana",Sarah Brierley,Oversight; Personnel; Careers; Performance,Ghana,0,Local,0,0,1,district offiicers,1,0,0,0,1,1,1,List,https://onlinelibrary.wiley.com/doi/abs/10.1111/ajps.12495
AJPS,2021,0,Pleasing the Principal: U.S. Influence inWorld Bank Policymaking,"Richard Clark
Lindsay R. Dolan",Policy creation; international organizations; personnel,N/A,,International,,,,World Bank workers,1,0,0,0,0,0,1,0,https://onlinelibrary.wiley.com/doi/abs/10.1111/ajps.12531
AJPS,2021,0,"Fault Lines: The Effects of Bureaucratic Power
on Electoral Accountability","Lucy Martin 
Pia J. Raffler",Performance; bureaucratic capacity; accountability,Uganda,0,Local,0,0,1,sub-county officials,1,1,0,0,1,1,1,Survey,https://onlinelibrary.wiley.com/doi/abs/10.1111/ajps.12530
AJPS,2021,0,"Democratization and Representative Bureaucracy: An
Analysis of Promotion Patterns in Indonesia’s Civil
Service, 1980–2015","Jan H. Pierskalla 
Adam Lauretig 
Andrew S. Rosenberg
Audrey Sacks ",Personnel; Careers; Gender; Elections; Descriptive representation,Indonesia,0,Multiple ,1,1,1,Multiple,1,0,0,1,0,0,0,0,https://onlinelibrary.wiley.com/doi/abs/10.1111/ajps.12536
AJPS,2021,0,"Misgovernance and Human Rights: The Case
of Illegal Detention without Intent","Tara Slough
Christopher Fariss",PA-relationship; Performance; ,Haiti,0,Local,0,0,1,bureaucrats in prosecutors’ offices (parquets) and courts,1,0,0,0,1,1,1,Field,https://onlinelibrary.wiley.com/doi/abs/10.1111/ajps.12529
AJPS,2020,0,Literacy and State–Society Interactions in Nineteenth-Century France,"Nan Zhang
Melissa M. Lee",State capacity; state development; state-citizen interactions; Education,France,0,Local,0,0,1,local authorities,1,0,0,0,0,0,0,0,https://onlinelibrary.wiley.com/doi/abs/10.1111/ajps.12524
AJPS,2022,0,"Metrics Management and Bureaucratic
Accountability: Evidence from Policing",Laurel Eckhouse,Bureaucrat incentives; Police; Performance,USA,1,Local,0,0,1,police,1,1,0,0,0,0,0,0,https://onlinelibrary.wiley.com/doi/abs/10.1111/ajps.12661
AJPS,2021,0,"Do Female Officers Police Differently? Evidence from
Traffic Stops","Kelsey Shoub, 
Katelyn E. Stauffer
Miyeon Song",Performance; Police; Gender,USA,1,Local,0,0,1,Police (Florida State Highway Patrol and Charlotte (North Carolina) Police Department),1,0,0,0,0,0,0,0,https://onlinelibrary.wiley.com/doi/abs/10.1111/ajps.12618
AJPS,2022,0,Campaign Finance Transparency Affects Legislators’ Election Outcomes and Behavior,"Abby K. Wood 
Christian R. Grose ",Oversight; Campaign finance; ,USA,1,Federal,1,0,0,"US Federal
Election Commission",1,0,0,0,1,0,1,Natural,https://onlinelibrary.wiley.com/doi/full/10.1111/ajps.12676
AJPS,2022,1,How Organizational Capacity Can Improve Electoral Accountability,Dana Foarta,Delegation; Organizational structure; capacity; accountability,USA,1,Federal,1,0,0,US federal agencies,0,1,0,0,0,0,0,0,https://onlinelibrary.wiley.com/doi/full/10.1111/ajps.12727
AJPS,2022,1,"When Does Transparency Improve InstitutionalPerformance? Evidence from 20,000 Projects in 183 Countries","Dan Honig 
Ranjit Lall 
Bradley C. Parks",Access to Information; Performance; Donor agencies; Aid,Multiple,0,Multiple,1,1,1,domestic bureaucrats and aid agency officials,1,0,0,1,0,0,1,0,https://onlinelibrary.wiley.com/doi/full/10.1111/ajps.12698
AJPS,2021,1,Kompromat Can Align Incentives but Ruin Reputations,"Ryan Hubert, Andrew Little",PA-relationship; Communication,N/A,,N/A,,,,,0,1,0,0,0,0,0,0,https://onlinelibrary.wiley.com/doi/abs/10.1111/ajps.12620
AJPS,2021,0,Decentralization Can Increase Cooperation among Public Officials,"Adriana Molina-Garzón 
Tara Grillos
Alan Zarychta 
Krister P. Andersson ",Descriptive representation; Education,Honduras,0,Local,0,0,1,Health Sector workers,1,0,0,0,1,1,0,Lab-in-the-field,https://doi.org/10.1111/ajps.12606
AJPS,2022,0,The Unequal Distribution of Opportunity: A National Audit Study of Bureaucratic Discrimination in Primary School Access,"Asmus Leth Olsen, Jonas Høgh Kyhse-Andersen, Donald Moynihan",Discretion; Street-level bureaucrats; Education,Denmark,0,Local,0,0,1,School admin worker,1,0,0,0,1,0,0,Audit,https://doi.org/10.1111/ajps.12584
AJPS,2022,1,A Dynamic Measure of Bureaucratic Reputation: New Data for New Theory,Luca Bellodi,Bureaucratic representation; Accountability; Agencies,UK & USA,0,Federal,1,0,0,Multiple agencies,1,0,0,0,0,0,0,0, https://doi.org/10.1111/ajps.12695
AJPS,2021,1,Does Criminalizing Torture Deter Police Torture?,Mark S. Berlin,Legislation; Torture; Police,Multiple,0,N/A,,,,Police,1,0,0,0,0,0,0,0, https://doi.org/10.1111/ajps.12684
AJPS,2021,1,"Who Answers for the Government? Bureaucrats, Ministers, and Responsible Parties","Max Goplerud, Daniel M. Smith",Accountability; Parliament,Japan,0,Federal,1,0,0,Federal bureaucrats,1,0,0,0,0,0,0,0,https://doi.org/10.1111/ajps.12686
AJPS,2021,1,Do Campaign Contribution Limits Curb the Influence of Money in Politics?,"Saad Gulzar, Miguel R. Rueda, Nelson A. Ruiz",Campaign finance; Procurement,Colombia,0,Local,0,0,1,Municipal bureaucrats,1,0,1,0,0,0,0,0,https://doi.org/10.1111/ajps.12596
AJPS,2022,1,Going into Government: How Hiring from Special Interests Reduces Their Influence,"Ryan Hübert, Janna King Rezaee, Jonathan Colner",Special interests; Lobbying,N/A,,,,,,,0,1,0,0,0,0,0,0,https://onlinelibrary.wiley.com/doi/abs/10.1111/ajps.12701
JOP,2003,0,"Patronage, the Pendleton Act, and the Power
of the People",Sean M. Theriault,Responsiveness; Personnel ,USA,1,Multiple,1,1,1,Multiple,1,0,0,0,0,0,0,0,https://www.journals.uchicago.edu/doi/abs/10.1111/1468-2508.t01-1-00003?journalCode=jop
JOP,2004,0,"Friends, Brokers, and Transitivity: Who Informs Whom
in Washington Politics?","Daniel P. Carpenter
Kevin M. Esterling
David M. J. Lazer",Information; Lobbying,USA,1,Federal,1,0,0,Federal agencies,1,0,0,0,0,0,0,0,https://www.journals.uchicago.edu/doi/abs/10.1046/j.1468-2508.2004.00149.x
JOP,2004,0,"When Does Government Limit the Impact of
Voter Initiatives? The Politics of Implementation
and Enforcement","Elisabeth R. Gerber
Arthur Lupia
Mathew D. McCubbins
",Policy compliance; Implementation; Discretion,USA,1,N/A,,,,N/A,0,1,0,0,0,0,0,0,https://www.journals.uchicago.edu/doi/abs/10.1046/j.1468-2508.2004.00141.x?journalCode=jop
JOP,2004,0,"Political Transaction Costs and the Politics of
Administrative Design","B. Dan Wood
John Bohte",Policy implementation; Bureaucratic organization,USA,1,Federal ,1,0,0,Multiple,1,0,0,0,0,0,0,0,https://www.journals.uchicago.edu/doi/abs/10.1046/j.1468-2508.2004.00147.x?journalCode=jop
JOP,2005,0,The Pursuit of Political Control by Multiple Principals,Andrew B. Whitford,Bureaucratic discretion; Congress; Oversight; President,USA,1,Federal,1,0,0,Enviromental Protection Agency,1,0,0,0,0,0,0,0,https://www.journals.uchicago.edu/doi/abs/10.1111/j.1468-2508.2005.00306.x?journalCode=jop
JOP,2007,0,Corporate Influence and the Regulatory Mandate,"Sanford C. Gordon 
Catherine Hafer",Lobbying; Firms; Congress; Implementation; Regulation,USA,1,Federal,1,0,0,N/A,0,1,0,0,0,0,0,0,https://www.journals.uchicago.edu/doi/abs/10.1111/j.1468-2508.2007.00533.x?journalCode=jop
JOP,2007,0,"Testing Pendleton’s Premise: Do Political Appointees
Make Worse Bureaucrats?",David E. Lewis,Personnel; Appointments,USA,1,Federal,1,0,0,Multiple,1,0,0,0,0,0,0,0,https://www.journals.uchicago.edu/doi/abs/10.1111/j.1468-2508.2007.00608.x
JOP,2008,0,"What Happens After the Alarm? Interest Group
Subsidies to Legislative Overseers","Richard L. Hall 
Kristina C. Miler",Oversight; Lobbying; Interest Groups,USA,1,Federal,1,0,0,Enviromental Protection Agency,1,0,0,0,0,1,1,0,https://www.journals.uchicago.edu/doi/abs/10.1017/S0022381608081012?journalCode=jop
JOP,2009,0,"Secretaries of Pork? A New Theory of Distributive
Public Policy","Anthony M. Bertelli 
Christian R. Grose",Ideology; Contracts; Distributive politics,USA,1,Federal,1,0,0,Department of Labor; Department of Defense,1,0,0,0,0,0,0,0,https://www.journals.uchicago.edu/doi/abs/10.1017/S002238160909080X
JOP,2009,0,"Democracy and Government Performance:
Holding Incumbents Accountable in English
Local Governments","George A. Boyne 
Oliver James 
Peter John 
Nicolai Petrovsky ",Performance; Accountability,UK,0,Local,0,0,1,Local governments,1,0,0,0,0,0,0,0,https://www.journals.uchicago.edu/doi/abs/10.1017/S0022381609990089
JOP,2009,0,The Politics of Biased Information,John W. Patty,Policy creation; Congress; Information,USA,1,Federal,1,0,0,Multiple,0,1,0,0,0,0,0,0,https://www.journals.uchicago.edu/doi/abs/10.1017/S0022381609090343?journalCode=jop
JOP,2010,0,"The Politics of Investigations and Regulatory
Enforcement by Independent Agents and
Cabinet Appointees","Kenneth W. Shotts 
Alan E. Wiseman",Enforcement; Oversight,N/A,,NA,,,,Investigators,0,1,0,0,0,0,0,0,https://www.journals.uchicago.edu/doi/abs/10.1017/S0022381609990570?journalCode=jop
JOP,2010,0,"Promoting Agency Reputation through Public
Advice: Advisory Committee Use in the FDA",Susan L. Moffitt,Bureaucratic reputation; Agency-citizens relations,USA,1,Federal,1,0,0,Food and Drug Administration,1,0,0,0,0,0,1,0,https://www.journals.uchicago.edu/doi/abs/10.1017/S002238161000023X
JOP,2011,0,"The Extended Reach of Minority Political Power:
The Interaction of Descriptive Representation,
Managerial Networking, and Race","Belinda Creel Davis
Michelle Livermore
Younghee Lim",Descriptive Representation; Personnel; Performance; Race,USA,1,State/Local,0,1,1,program managers,1,0,0,0,0,1,0,0,https://www.journals.uchicago.edu/doi/abs/10.1017/S0022381611000077
JOP,2011,0,Delegation and Accountability,"Justin Fox 
Stuart V. Jordan",Delegation; Accountability,N/A,,N/A,,,,N/A,0,1,0,0,0,0,0,0,https://www.journals.uchicago.edu/doi/abs/10.1017/S0022381611000491
JOP,2011,0,"Bureaucratic Representation, Distributional Equity,
and Democratic Values in the Administration of
Public Programs","Jill Nicholson-Crotty
Jason A. Grissom
Sean Nicholson-Crotty",Descriptive Representation; Personnel; Performance; Race,USA,1,Local,0,0,1,public schools,1,0,0,0,0,0,0,0,https://www.journals.uchicago.edu/doi/abs/10.1017/S0022381611000144
JOP,2012,0,"Bureaucratic Discretion, Business Investment, and Uncertainty",Quintin H. Beazer,Bureaucratic discretion; Firms; Investment,Russia,0,State,0,1,0,regional bureaucrats,1,0,0,0,0,0,0,0,https://www.journals.uchicago.edu/doi/abs/10.1017/S0022381612000205
JOP,2013,0,The Administrative Foundation of the Rule of Law,"Tiberiu Dragu 
Mattias Polborn",Implementation; Compliance; Discretion,N/A,,NA,0,0,0,,0,1,0,0,0,0,0,0,https://www.journals.uchicago.edu/doi/abs/10.1017/S002238161300100X?journalCode=jop
JOP,2013,0,"Institutional Design and Bureaucrats’ Impact
on Political Control",Tana Johnson,Bureaucratic organization; international bureaucrats; Oversight,N/A,,International,,,,International organizations,1,0,0,0,0,0,0,0,https://www.journals.uchicago.edu/doi/abs/10.1017/S0022381612000953
JOP,2013,0,Compliance Bias and Environmental (In)Justice,"David M. Konisky
Christopher Reenock",Regulation; Firms; Compliance,USA,1,Local,0,0,1,regulatory officers,1,0,0,0,0,0,0,0,https://www.journals.uchicago.edu/doi/abs/10.1017/s0022381613000170
JOP,2014,0,Who Asks For Voter Identification? Explaining Poll-Worker Discretion,"Lonna Rae Atkeson 
Yann P. Kerevel 
R. Michael Alvarez 
Thad E. Hall",Street-level bureaucrats; Bureaucratic discretion; Discrimination; Oversight,USA,1,Local,0,0,1,polling workers,1,0,0,0,0,1,0,0,https://www.journals.uchicago.edu/doi/abs/10.1017/S0022381614000528
JOP,2014,0,"Who Benefits From Economic Reform? Firms and
Distributive Politics","David Szakonyi
Johannes Urpelainen",Firms; lobbying; Reform; Distributive politics,India,0,State,0,1,0,state officials,1,0,0,0,0,0,0,0,https://www.journals.uchicago.edu/doi/abs/10.1017/s0022381614000061
JOP,2015,0,"Institutions as Incentives for Civic Action: Bureaucratic
Structures, Civil Society, and Disruptive Protests","Agnes Cornell
Marcia Grimes",Personnel; Appointments; Politicization; Protest,Multiple (non-US),0,Federal,1,0,0,Perceptions of political control of bureaucracy writ large,1,0,0,0,0,0,0,0,https://www.journals.uchicago.edu/doi/abs/10.1086/681058?journalCode=jop
JOP,2016,0,"Bureaucratic Investments in Expertise:
Evidence from a Randomized Controlled Field Trial","Simon Calmar Andersen
Donald P. Moynihan",Expertise; Bureaucratic discretion; Delegation,Denmark,0,Local,0,0,1,School principals,1,0,0,0,1,1,0,Field,https://www.journals.uchicago.edu/doi/abs/10.1086/686029
JOP,2016,0,"Careers, Connections, and Corruption Risks:
Investigating the Impact of Bureaucratic Meritocracy
on Public Procurement Processes","Nicholas Charron
Carl Dahlström, 
Mihaly Fazekas 
Victor Lapuente",Personnel; Careers; Procurement,Multiple (non-US),0,Region,0,1,0,Multiple,1,0,0,0,0,1,0,0,https://www.journals.uchicago.edu/doi/full/10.1086/687209
JOP,2016,0,"Legibility and the Informational Foundations
of State Capacity","Melissa M. Lee
Nan Zhang",State capacity,Multiple,0,N/A,,,,N/A,1,0,0,0,0,0,0,0,https://www.journals.uchicago.edu/doi/full/10.1086/688053
JOP,2017,0,"Local Embeddedness and Bureaucratic Performance:
Evidence from India","Rikhil R. Bhavnani
Alexander Lee",Personnel; Performance; Public Good provision,India,0,State,0,1,0,IAS officers,1,0,0,0,1,0,0,Natural,https://www.journals.uchicago.edu/doi/abs/10.1086/694101
JOP,2017,0,"The Regulation and Self-Regulation
of a Complex Industry",Nolan McCarty,Regulation,N/A,,N/A,,,,N/A,0,1,0,0,0,0,0,0,https://www.journals.uchicago.edu/doi/abs/10.1086/692474
JOP,2017,0,"Rule versus Discretion: Regulatory Uncertainty,
Firm Investment, and Bureaucratic Organization","B. Pablo Montagnes
Stephane Wolton",Firms; Lobbying; ,N/A,,N/A,,,,N/A,0,1,0,0,0,0,0,0,https://www.journals.uchicago.edu/doi/abs/10.1086/688079
JOP,2017,0,"Slow-Rolling, Fast-Tracking, and the Pace of
Bureaucratic Decisions in Rulemaking",Rachel Augustine Potter,Oversight; Congress; Courts,USA,1,Federal,1,0,0,Multiple,1,0,0,0,0,0,0,0,https://www.journals.uchicago.edu/doi/abs/10.1086/690614
JOP,2017,0,"Elite Perceptions of Agency Ideology
and Workforce Skill","Mark D. Richardson
Joshua D. Clinton
David E. Lewis",Ideology; Measurement; Competency,USA,1,Federal,1,0,0,Multiple,0,0,0,0,0,1,0,0,https://www.journals.uchicago.edu/doi/abs/10.1086/694846?journalCode=jop
JOP,2017,0,"Modern Police Tactics, Police-Citizen Interactions, and the Prospects for Reform",Jonathan Mummolo,Street-level bureaucrats; Police; Performance,USA,1,Local,0,0,1,Police,1,0,1,0,0,0,0,0,https://www.journals.uchicago.edu/doi/abs/10.1086/694393?journalCode=jop
JOP,2017,0,"Back-Channel Representation: A Study of the
Strategic Communication of Senators
with the US Department of Labor",Melinda N. Ritchie,Congress; Policy creation; Responsiveness,USA,1,Federal,1,0,0,Department of Labor,1,0,0,0,0,0,0,0,https://www.journals.uchicago.edu/doi/abs/10.1086/694395
JOP,2018,0,"Policy-Development Monopolies: Adverse Consequences
and Institutional Responses","Alexander V. Hirsch
Kenneth W. Shotts",Policy creation; Lobbying; Delegation,USA,1,Federal,1,0,0,Multiple,0,1,0,0,0,0,0,0,https://www.journals.uchicago.edu/doi/abs/10.1086/698930
JOP,2018,0,"Does Unbundling Policy Authority
Improve Accountability?","Dimitri Landa
Patrick Le Bihan",Policy creation,USA,1,NA,,,,NA,0,1,0,0,0,0,0,0,"https://www.journals.uchicago.edu/doi/abs/10.1086/697953#:~:text=We%20find%20that%20bundling%20tends,the%20complexities%20are%20sufficiently%20asymmetric."
JOP,2018,0,Politicization and Responsiveness in Executive Agencies,Kenneth Lowande,bureaucratic responsiveness; Congress; Oversight,USA,1,Federal,1,0,0,Multiple,1,1,0,0,0,0,1,0,https://www.journals.uchicago.edu/doi/abs/10.1086/700270?af=R&mobileUi=0
JOP,2018,0,"Unpaved Road Ahead: The Consequences of Election
Cycles for Capital Expenditures","Jan H. Pierskalla
Audrey Sacks",Capital investments; Elections; bureaucratic distraction,Indonesia,0,Local,0,0,1,Local budgets,1,0,0,0,0,0,0,0,https://www.journals.uchicago.edu/doi/abs/10.1086/694547?journalCode=jop
JOP,2019,0,"Reputation and Organizational Politics:
Inside the EU Commission","Jens Blom-Hansen
Daniel Finke",Bureaucratic organization; international bureaucrats; EU,N/A,,International,,,,EU Commission,1,0,0,0,0,0,0,0,https://www.journals.uchicago.edu/doi/abs/10.1086/705685?af=R&mobileUi=0&
JOP,2019,0,"The Constraining Power of the Purse: Executive
Discretion and Legislative Appropriations","Alexander Bolton
Sharece Thrower",Bureaucratic discretion; Congress; Measurement,USA,1,Federal,1,0,0,Multiple,1,0,0,0,0,0,0,0,https://www.journals.uchicago.edu/doi/10.1086/704330
JOP,2019,0,"Fiscal Capacity and Inequality:
Evidence from Brazilian Municipalities","Florian M. Hollenbach
Thiago N. Silva",State capacity; Taxes,Brazil,0,Local,0,0,1,municipal governments,1,0,0,0,0,0,0,0,https://www.journals.uchicago.edu/doi/abs/10.1086/704595?journalCode=jop
JOP,2020,0,"The Political Logic of Government Disclosure:
Evidence from Information Requests in Mexico","Daniel Berliner
Benjamin E. Bagozzi
Brian Palmer-Rubin
Aaron Erlich,",Responsiveness; Bureaucratic discretion,Mexico,0,Federal,1,0,0,multiple,1,0,0,0,0,0,1,0,https://www.journals.uchicago.edu/doi/abs/10.1086/709148
JOP,2020,0,Regional Governance in Divided Societies: Evidence from the Republic of Congo and Kenya,"Brett L. Carter
Mai Hassan",Embeddedness; Performance,Republic of Congo; Kenya,0,Region,0,1,0,regional officers,1,0,0,0,0,0,1,0,https://www.journals.uchicago.edu/doi/10.1086/708915
JOP,2020,0,Combining Patronage and Merit in Public Sector Recruitment,Sarah Brierley,Personnel; Patronage,Ghana,0,Local,0,0,1,district offiicers,1,0,0,0,0,1,0,0,https://www.journals.uchicago.edu/doi/abs/10.1086/708240
JOP,2020,0,Can Political Alignment Be Costly?,"Michael Callen
Saad Gulzar
Arman Rezaee",Personnel; Performance; Public Service Provision,Pakistan,0,Local,0,0,1,doctors,1,0,1,0,0,1,1,0,https://www.journals.uchicago.edu/doi/abs/10.1086/706890?af=R&mobileUi=0
JOP,2020,0,"Strategic Proposals, Endogenous Comments,
and Bias in Rulemaking",Brian D. Libgober,Lobbying; Regulation; Rulemaking,N/A,,NA,,,,NA,0,1,0,0,0,0,0,0,https://www.journals.uchicago.edu/doi/abs/10.1086/706891?journalCode=jop
JOP,2020,0,"Local Government Efficiency and
Anti-immigrant Violence","Conrad Ziller
Sara Wallace Goodman",State capacity; Efficiency; Immigration; Integration,Germany,0,Local,0,0,1,Local government,1,0,0,1,0,0,0,0,https://www.journals.uchicago.edu/doi/abs/10.1086/707399
JOP,2020,0,"Ex Post Review and Expert Policy Making:
When Does Oversight Reduce Accountability?","John W. Patty
Ian R. Turner",Oversight; Accountability,N/A,,NA,,,,NA,0,1,0,0,0,0,0,0,https://www.journals.uchicago.edu/doi/abs/10.1086/708913
JOP,2020,0,"Loyalty or Incentives? How Party Alignment Affects
Bureaucratic Performance",Carlos Velasco Rivera,Personnel; Careers; Performance; Public service delivery,India,0,Local,0,0,1,district IAS officers,1,0,0,0,0,0,0,0,https://www.journals.uchicago.edu/doi/abs/10.1086/708337
JOP,2021,0,Strategic Discrimination in Hierarchies,"Dominik Duell
Dimitri Land",Personnel; Discrimination; P-A theory,N/A,,NA,,,,NA,1,1,0,0,1,1,0,lab,https://www.journals.uchicago.edu/doi/abs/10.1086/709860?journalCode=jop
JOP,2021,0,"Family Matters: The Double-Edged Sword of
Police-Community Connections","Dotan Haim
Matthew Nanes
Michael W. Davidson",Personnel; Police; Street-level bureaucrats; Embeddedness,Phillipines,0,Local,0,0,1,village level police officers,1,0,0,0,0,1,0,0,https://www.journals.uchicago.edu/doi/abs/10.1086/715071?journalCode=jop
JOP,2021,0,Civil Service and Patronage in Bureaucracies,"John D. Huber
Michael M. Ting",Personnel; Patronage; Meritocracy,Multiple,0,NA,,,,NA,1,1,0,0,0,0,0,0,https://www.journals.uchicago.edu/doi/abs/10.1086/711057?journalCode=jop
JOP,2022,0,A Longevity Mechanism of Chinese Absolutism,Yasheng Huang Clair Yang,Pollical Development; Civil Service Exams; Meritocracy; Autocracy,China,0,National,1,0,0,national level bureaucrats,1,0,0,0,0,0,0,0,https://www.journals.uchicago.edu/doi/10.1086/714934 
JOP,2022,0,Macro Outsourcing: Evaluating Government Reliance on the Private Sector,Rachel Augustine Potter,Private sector; Outsourcing; Expenditures; Public Sector Unions,USA,1,State,0,1,0,NA,1,0,0,0,0,0,0,0,https://www.journals.uchicago.edu/doi/10.1086/716295 
JOP,2022,1,"Loyal Leaders, Affluent Agencies: The Budgetary Implications of Political
Appointments in the Executive Branch","Carl Dahlström, Mikael Holmgren",Delegation; Accountability; Personnel,Sweden,0,National,1,0,0,Central agencies,1,0,0,0,0,0,1,0,https://www.journals.uchicago.edu/doi/10.1086/717756